{
  "points": [
    {
      "x": 181.0,
      "y": 219.0,
      "z": 0.0
    },
    {
      "x": 131.0,
      "y": 308.0,
      "z": 0.0
    },
    {
      "x": 294.0,
      "y": 428.0,
      "z": 0.0
    },
    {
      "x": 299.0,
      "y": 249.0,
      "z": 0.0
    },
    {
      "x": 190.0,
      "y": 344.0,
      "z": 0.0
    },
    {
      "x": 270.0,
      "y": 127.0,
      "z": 0.0
    },
    {
      "x": 179.0,
      "y": 87.0,
      "z": 0.0
    },
    {
      "x": 376.0,
      "y": 174.0,
      "z": 0.0
    },
    {
      "x": 380.0,
      "y": 330.0,
      "z": 0.0
    },
    {
      "x": 119.0,
      "y": 167.0,
      "z": 0.0
    },
    {
      "x": 377.0,
      "y": 66.0,
      "z": 0.0
    }
  ]
}